Model,R2,RMSE
Regression tree,0.6742960458970924,4.9600767993800945
Linear (VIF < 10),0.670871177930695,4.986086898164774
Random forest,0.7520253691856931,4.327932827658409
